<?xml version="1.0"?>
<SavedTable xmlns:xsi="http://www.w3.org/2001/XMLSchema-instance" xmlns:xsd="http://www.w3.org/2001/XMLSchema">
  <Chordtable>
    <ArrayOfArrayOfDouble>
      <ArrayOfDouble>
        <double>1480</double>
        <double>-20</double>
        <double>290</double>
        <double>-30</double>
        <double>540</double>
        <double>215</double>
        <double>-45</double>
        <double>670</double>
        <double>-45</double>
        <double>275</double>
        <double>-50</double>
        <double>290</double>
      </ArrayOfDouble>
      <ArrayOfDouble>
        <double>315</double>
        <double>-5</double>
        <double>160</double>
        <double>-20</double>
        <double>205</double>
        <double>145</double>
        <double>-20</double>
        <double>245</double>
        <double>-20</double>
        <double>175</double>
        <double>-25</double>
        <double>165</double>
      </ArrayOfDouble>
      <ArrayOfDouble>
        <double>-15</double>
        <double>-150</double>
        <double>-25</double>
        <double>-150</double>
        <double>-25</double>
        <double>-25</double>
        <double>-150</double>
        <double>-25</double>
        <double>-150</double>
        <double>-15</double>
        <double>-150</double>
        <double>-25</double>
      </ArrayOfDouble>
      <ArrayOfDouble>
        <double>195</double>
        <double>-25</double>
        <double>100</double>
        <double>-25</double>
        <double>125</double>
        <double>100</double>
        <double>-25</double>
        <double>100</double>
        <double>-25</double>
        <double>100</double>
        <double>-25</double>
        <double>120</double>
      </ArrayOfDouble>
      <ArrayOfDouble>
        <double>-20</double>
        <double>-150</double>
        <double>-20</double>
        <double>-150</double>
        <double>-20</double>
        <double>-25</double>
        <double>-150</double>
        <double>-25</double>
        <double>-150</double>
        <double>-25</double>
        <double>-150</double>
        <double>-25</double>
      </ArrayOfDouble>
      <ArrayOfDouble>
        <double>245</double>
        <double>-25</double>
        <double>140</double>
        <double>-20</double>
        <double>105</double>
        <double>110</double>
        <double>-25</double>
        <double>125</double>
        <double>-25</double>
        <double>100</double>
        <double>-25</double>
        <double>105</double>
      </ArrayOfDouble>
      <ArrayOfDouble>
        <double>115</double>
        <double>-25</double>
        <double>100</double>
        <double>-25</double>
        <double>120</double>
        <double>100</double>
        <double>-25</double>
        <double>130</double>
        <double>-25</double>
        <double>100</double>
        <double>-25</double>
        <double>100</double>
      </ArrayOfDouble>
      <ArrayOfDouble>
        <double>-25</double>
        <double>-150</double>
        <double>-25</double>
        <double>-150</double>
        <double>-25</double>
        <double>-25</double>
        <double>-150</double>
        <double>-25</double>
        <double>-150</double>
        <double>-25</double>
        <double>-150</double>
        <double>-25</double>
      </ArrayOfDouble>
      <ArrayOfDouble>
        <double>290</double>
        <double>-25</double>
        <double>110</double>
        <double>-25</double>
        <double>160</double>
        <double>115</double>
        <double>-25</double>
        <double>115</double>
        <double>-25</double>
        <double>155</double>
        <double>-25</double>
        <double>105</double>
      </ArrayOfDouble>
      <ArrayOfDouble>
        <double>-25</double>
        <double>-150</double>
        <double>-25</double>
        <double>-150</double>
        <double>-25</double>
        <double>-25</double>
        <double>-150</double>
        <double>-25</double>
        <double>-150</double>
        <double>-25</double>
        <double>-150</double>
        <double>-25</double>
      </ArrayOfDouble>
      <ArrayOfDouble>
        <double>155</double>
        <double>-25</double>
        <double>100</double>
        <double>-25</double>
        <double>100</double>
        <double>105</double>
        <double>-25</double>
        <double>155</double>
        <double>-25</double>
        <double>100</double>
        <double>-25</double>
        <double>115</double>
      </ArrayOfDouble>
      <ArrayOfDouble>
        <double>-25</double>
        <double>-150</double>
        <double>-25</double>
        <double>-150</double>
        <double>-25</double>
        <double>-25</double>
        <double>-150</double>
        <double>-25</double>
        <double>-150</double>
        <double>-25</double>
        <double>-150</double>
        <double>-25</double>
      </ArrayOfDouble>
      <ArrayOfDouble>
        <double>190</double>
        <double>-25</double>
        <double>120</double>
        <double>-25</double>
        <double>100</double>
        <double>100</double>
        <double>-25</double>
        <double>110</double>
        <double>-25</double>
        <double>105</double>
        <double>-25</double>
        <double>100</double>
      </ArrayOfDouble>
    </ArrayOfArrayOfDouble>
    <ArrayOfArrayOfDouble>
      <ArrayOfDouble>
        <double>380</double>
        <double>175</double>
        <double>255</double>
        <double>-35</double>
        <double>225</double>
        <double>15</double>
        <double>325</double>
        <double>-30</double>
        <double>165</double>
        <double>330</double>
        <double>-45</double>
        <double>250</double>
      </ArrayOfDouble>
      <ArrayOfDouble>
        <double>-150</double>
        <double>-25</double>
        <double>15</double>
        <double>-150</double>
        <double>-10</double>
        <double>-135</double>
        <double>15</double>
        <double>-145</double>
        <double>-5</double>
        <double>50</double>
        <double>-145</double>
        <double>5</double>
      </ArrayOfDouble>
      <ArrayOfDouble>
        <double>-20</double>
        <double>100</double>
        <double>100</double>
        <double>-25</double>
        <double>125</double>
        <double>-25</double>
        <double>100</double>
        <double>-25</double>
        <double>100</double>
        <double>120</double>
        <double>-25</double>
        <double>100</double>
      </ArrayOfDouble>
      <ArrayOfDouble>
        <double>-5</double>
        <double>105</double>
        <double>100</double>
        <double>-20</double>
        <double>100</double>
        <double>-25</double>
        <double>105</double>
        <double>-25</double>
        <double>100</double>
        <double>100</double>
        <double>-25</double>
        <double>100</double>
      </ArrayOfDouble>
      <ArrayOfDouble>
        <double>-150</double>
        <double>-25</double>
        <double>-25</double>
        <double>-150</double>
        <double>-15</double>
        <double>-150</double>
        <double>-25</double>
        <double>-150</double>
        <double>-25</double>
        <double>-25</double>
        <double>-150</double>
        <double>-25</double>
      </ArrayOfDouble>
      <ArrayOfDouble>
        <double>-15</double>
        <double>115</double>
        <double>105</double>
        <double>-25</double>
        <double>100</double>
        <double>-20</double>
        <double>115</double>
        <double>-15</double>
        <double>110</double>
        <double>100</double>
        <double>-25</double>
        <double>100</double>
      </ArrayOfDouble>
      <ArrayOfDouble>
        <double>-145</double>
        <double>-25</double>
        <double>-25</double>
        <double>-140</double>
        <double>-15</double>
        <double>-150</double>
        <double>-20</double>
        <double>-150</double>
        <double>-25</double>
        <double>-20</double>
        <double>-150</double>
        <double>-25</double>
      </ArrayOfDouble>
      <ArrayOfDouble>
        <double>35</double>
        <double>100</double>
        <double>115</double>
        <double>-25</double>
        <double>115</double>
        <double>-25</double>
        <double>110</double>
        <double>-25</double>
        <double>100</double>
        <double>145</double>
        <double>-25</double>
        <double>105</double>
      </ArrayOfDouble>
      <ArrayOfDouble>
        <double>-145</double>
        <double>-25</double>
        <double>-25</double>
        <double>-150</double>
        <double>-25</double>
        <double>-145</double>
        <double>-25</double>
        <double>-150</double>
        <double>-25</double>
        <double>-25</double>
        <double>-150</double>
        <double>-25</double>
      </ArrayOfDouble>
      <ArrayOfDouble>
        <double>-15</double>
        <double>100</double>
        <double>100</double>
        <double>-25</double>
        <double>115</double>
        <double>-25</double>
        <double>105</double>
        <double>-25</double>
        <double>100</double>
        <double>105</double>
        <double>-25</double>
        <double>105</double>
      </ArrayOfDouble>
      <ArrayOfDouble>
        <double>-5</double>
        <double>110</double>
        <double>100</double>
        <double>-25</double>
        <double>100</double>
        <double>-20</double>
        <double>150</double>
        <double>-25</double>
        <double>105</double>
        <double>100</double>
        <double>-25</double>
        <double>135</double>
      </ArrayOfDouble>
      <ArrayOfDouble>
        <double>-150</double>
        <double>-25</double>
        <double>-25</double>
        <double>-150</double>
        <double>-25</double>
        <double>-150</double>
        <double>-25</double>
        <double>-150</double>
        <double>-25</double>
        <double>-25</double>
        <double>-150</double>
        <double>-25</double>
      </ArrayOfDouble>
      <ArrayOfDouble>
        <double>15</double>
        <double>100</double>
        <double>135</double>
        <double>-25</double>
        <double>100</double>
        <double>-25</double>
        <double>100</double>
        <double>-25</double>
        <double>100</double>
        <double>105</double>
        <double>-25</double>
        <double>105</double>
      </ArrayOfDouble>
    </ArrayOfArrayOfDouble>
    <ArrayOfArrayOfDouble>
      <ArrayOfDouble>
        <double>985</double>
        <double>5</double>
        <double>470</double>
        <double>-30</double>
        <double>610</double>
        <double>310</double>
        <double>5</double>
        <double>465</double>
        <double>50</double>
        <double>225</double>
        <double>-15</double>
        <double>490</double>
      </ArrayOfDouble>
      <ArrayOfDouble>
        <double>155</double>
        <double>-15</double>
        <double>190</double>
        <double>-20</double>
        <double>190</double>
        <double>165</double>
        <double>-20</double>
        <double>160</double>
        <double>5</double>
        <double>140</double>
        <double>-15</double>
        <double>185</double>
      </ArrayOfDouble>
      <ArrayOfDouble>
        <double>-5</double>
        <double>-150</double>
        <double>-15</double>
        <double>-150</double>
        <double>-25</double>
        <double>-25</double>
        <double>-150</double>
        <double>-25</double>
        <double>-150</double>
        <double>-25</double>
        <double>-150</double>
        <double>-15</double>
      </ArrayOfDouble>
      <ArrayOfDouble>
        <double>160</double>
        <double>-10</double>
        <double>100</double>
        <double>-20</double>
        <double>110</double>
        <double>120</double>
        <double>-25</double>
        <double>100</double>
        <double>-25</double>
        <double>100</double>
        <double>-15</double>
        <double>170</double>
      </ArrayOfDouble>
      <ArrayOfDouble>
        <double>-25</double>
        <double>-150</double>
        <double>-20</double>
        <double>-150</double>
        <double>-25</double>
        <double>-25</double>
        <double>-150</double>
        <double>-25</double>
        <double>-150</double>
        <double>-25</double>
        <double>-150</double>
        <double>-25</double>
      </ArrayOfDouble>
      <ArrayOfDouble>
        <double>265</double>
        <double>-25</double>
        <double>155</double>
        <double>-20</double>
        <double>100</double>
        <double>110</double>
        <double>-25</double>
        <double>125</double>
        <double>-20</double>
        <double>120</double>
        <double>-25</double>
        <double>110</double>
      </ArrayOfDouble>
      <ArrayOfDouble>
        <double>145</double>
        <double>-25</double>
        <double>100</double>
        <double>-25</double>
        <double>145</double>
        <double>105</double>
        <double>-25</double>
        <double>100</double>
        <double>-25</double>
        <double>100</double>
        <double>-25</double>
        <double>100</double>
      </ArrayOfDouble>
      <ArrayOfDouble>
        <double>-5</double>
        <double>-150</double>
        <double>-25</double>
        <double>-150</double>
        <double>-20</double>
        <double>-25</double>
        <double>-150</double>
        <double>-20</double>
        <double>-150</double>
        <double>-25</double>
        <double>-150</double>
        <double>-25</double>
      </ArrayOfDouble>
      <ArrayOfDouble>
        <double>165</double>
        <double>-25</double>
        <double>100</double>
        <double>-20</double>
        <double>130</double>
        <double>130</double>
        <double>-25</double>
        <double>110</double>
        <double>-25</double>
        <double>125</double>
        <double>-25</double>
        <double>125</double>
      </ArrayOfDouble>
      <ArrayOfDouble>
        <double>-10</double>
        <double>-150</double>
        <double>-25</double>
        <double>-150</double>
        <double>-20</double>
        <double>-20</double>
        <double>-150</double>
        <double>-20</double>
        <double>-150</double>
        <double>-20</double>
        <double>-150</double>
        <double>-5</double>
      </ArrayOfDouble>
      <ArrayOfDouble>
        <double>125</double>
        <double>-25</double>
        <double>105</double>
        <double>-25</double>
        <double>100</double>
        <double>115</double>
        <double>-20</double>
        <double>135</double>
        <double>-25</double>
        <double>100</double>
        <double>-25</double>
        <double>105</double>
      </ArrayOfDouble>
      <ArrayOfDouble>
        <double>-25</double>
        <double>-150</double>
        <double>-25</double>
        <double>-150</double>
        <double>-25</double>
        <double>-25</double>
        <double>-150</double>
        <double>-25</double>
        <double>-150</double>
        <double>-25</double>
        <double>-150</double>
        <double>-25</double>
      </ArrayOfDouble>
      <ArrayOfDouble>
        <double>190</double>
        <double>-20</double>
        <double>170</double>
        <double>-25</double>
        <double>115</double>
        <double>100</double>
        <double>-25</double>
        <double>120</double>
        <double>-15</double>
        <double>105</double>
        <double>-10</double>
        <double>100</double>
      </ArrayOfDouble>
    </ArrayOfArrayOfDouble>
    <ArrayOfArrayOfDouble>
      <ArrayOfDouble>
        <double>1985</double>
        <double>5</double>
        <double>480</double>
        <double>0</double>
        <double>695</double>
        <double>35</double>
        <double>125</double>
        <double>435</double>
        <double>25</double>
        <double>650</double>
        <double>0</double>
        <double>695</double>
      </ArrayOfDouble>
      <ArrayOfDouble>
        <double>290</double>
        <double>-15</double>
        <double>240</double>
        <double>-10</double>
        <double>240</double>
        <double>-15</double>
        <double>105</double>
        <double>170</double>
        <double>5</double>
        <double>245</double>
        <double>-10</double>
        <double>260</double>
      </ArrayOfDouble>
      <ArrayOfDouble>
        <double>-5</double>
        <double>-150</double>
        <double>-20</double>
        <double>-145</double>
        <double>-15</double>
        <double>-150</double>
        <double>-25</double>
        <double>-25</double>
        <double>-150</double>
        <double>-25</double>
        <double>-150</double>
        <double>-25</double>
      </ArrayOfDouble>
      <ArrayOfDouble>
        <double>180</double>
        <double>-20</double>
        <double>100</double>
        <double>-5</double>
        <double>140</double>
        <double>-25</double>
        <double>100</double>
        <double>100</double>
        <double>-25</double>
        <double>100</double>
        <double>-25</double>
        <double>175</double>
      </ArrayOfDouble>
      <ArrayOfDouble>
        <double>-15</double>
        <double>-150</double>
        <double>-25</double>
        <double>-150</double>
        <double>-10</double>
        <double>-150</double>
        <double>-25</double>
        <double>-25</double>
        <double>-150</double>
        <double>-25</double>
        <double>-150</double>
        <double>-25</double>
      </ArrayOfDouble>
      <ArrayOfDouble>
        <double>275</double>
        <double>-25</double>
        <double>125</double>
        <double>-20</double>
        <double>100</double>
        <double>-15</double>
        <double>105</double>
        <double>185</double>
        <double>-25</double>
        <double>115</double>
        <double>-25</double>
        <double>130</double>
      </ArrayOfDouble>
      <ArrayOfDouble>
        <double>-5</double>
        <double>-150</double>
        <double>-25</double>
        <double>-150</double>
        <double>-10</double>
        <double>-150</double>
        <double>-25</double>
        <double>-25</double>
        <double>-140</double>
        <double>-20</double>
        <double>-150</double>
        <double>-25</double>
      </ArrayOfDouble>
      <ArrayOfDouble>
        <double>100</double>
        <double>-25</double>
        <double>100</double>
        <double>-25</double>
        <double>100</double>
        <double>-25</double>
        <double>100</double>
        <double>105</double>
        <double>-20</double>
        <double>100</double>
        <double>-25</double>
        <double>100</double>
      </ArrayOfDouble>
      <ArrayOfDouble>
        <double>185</double>
        <double>-25</double>
        <double>100</double>
        <double>-25</double>
        <double>120</double>
        <double>-10</double>
        <double>105</double>
        <double>100</double>
        <double>-20</double>
        <double>105</double>
        <double>-25</double>
        <double>145</double>
      </ArrayOfDouble>
      <ArrayOfDouble>
        <double>-10</double>
        <double>-150</double>
        <double>-25</double>
        <double>-150</double>
        <double>-25</double>
        <double>-150</double>
        <double>-25</double>
        <double>-25</double>
        <double>-150</double>
        <double>5</double>
        <double>-150</double>
        <double>-20</double>
      </ArrayOfDouble>
      <ArrayOfDouble>
        <double>235</double>
        <double>-10</double>
        <double>105</double>
        <double>-25</double>
        <double>145</double>
        <double>-25</double>
        <double>100</double>
        <double>145</double>
        <double>-5</double>
        <double>100</double>
        <double>-10</double>
        <double>140</double>
      </ArrayOfDouble>
      <ArrayOfDouble>
        <double>-20</double>
        <double>-150</double>
        <double>-25</double>
        <double>-150</double>
        <double>-25</double>
        <double>-150</double>
        <double>-25</double>
        <double>-25</double>
        <double>-150</double>
        <double>-15</double>
        <double>-150</double>
        <double>-10</double>
      </ArrayOfDouble>
      <ArrayOfDouble>
        <double>315</double>
        <double>-25</double>
        <double>145</double>
        <double>-25</double>
        <double>105</double>
        <double>-25</double>
        <double>100</double>
        <double>125</double>
        <double>-25</double>
        <double>170</double>
        <double>-10</double>
        <double>100</double>
      </ArrayOfDouble>
    </ArrayOfArrayOfDouble>
    <ArrayOfArrayOfDouble>
      <ArrayOfDouble>
        <double>855</double>
        <double>-30</double>
        <double>475</double>
        <double>15</double>
        <double>340</double>
        <double>445</double>
        <double>-5</double>
        <double>430</double>
        <double>90</double>
        <double>370</double>
        <double>370</double>
        <double>105</double>
      </ArrayOfDouble>
      <ArrayOfDouble>
        <double>165</double>
        <double>-20</double>
        <double>160</double>
        <double>-15</double>
        <double>135</double>
        <double>180</double>
        <double>-20</double>
        <double>150</double>
        <double>0</double>
        <double>170</double>
        <double>175</double>
        <double>-5</double>
      </ArrayOfDouble>
      <ArrayOfDouble>
        <double>-25</double>
        <double>-150</double>
        <double>-25</double>
        <double>-150</double>
        <double>-25</double>
        <double>-25</double>
        <double>-150</double>
        <double>-25</double>
        <double>-145</double>
        <double>-25</double>
        <double>-25</double>
        <double>-150</double>
      </ArrayOfDouble>
      <ArrayOfDouble>
        <double>165</double>
        <double>-20</double>
        <double>100</double>
        <double>-15</double>
        <double>115</double>
        <double>165</double>
        <double>-25</double>
        <double>105</double>
        <double>-10</double>
        <double>100</double>
        <double>115</double>
        <double>-5</double>
      </ArrayOfDouble>
      <ArrayOfDouble>
        <double>-25</double>
        <double>-150</double>
        <double>-15</double>
        <double>-150</double>
        <double>-15</double>
        <double>-20</double>
        <double>-150</double>
        <double>-25</double>
        <double>-150</double>
        <double>-25</double>
        <double>-25</double>
        <double>-145</double>
      </ArrayOfDouble>
      <ArrayOfDouble>
        <double>135</double>
        <double>-25</double>
        <double>160</double>
        <double>-20</double>
        <double>100</double>
        <double>145</double>
        <double>-25</double>
        <double>105</double>
        <double>-25</double>
        <double>100</double>
        <double>100</double>
        <double>-25</double>
      </ArrayOfDouble>
      <ArrayOfDouble>
        <double>165</double>
        <double>-20</double>
        <double>125</double>
        <double>-25</double>
        <double>140</double>
        <double>100</double>
        <double>-20</double>
        <double>135</double>
        <double>-25</double>
        <double>130</double>
        <double>100</double>
        <double>-25</double>
      </ArrayOfDouble>
      <ArrayOfDouble>
        <double>-25</double>
        <double>-150</double>
        <double>-25</double>
        <double>-150</double>
        <double>-25</double>
        <double>-25</double>
        <double>-150</double>
        <double>-20</double>
        <double>-150</double>
        <double>-15</double>
        <double>-25</double>
        <double>-150</double>
      </ArrayOfDouble>
      <ArrayOfDouble>
        <double>145</double>
        <double>-25</double>
        <double>115</double>
        <double>-20</double>
        <double>100</double>
        <double>120</double>
        <double>-20</double>
        <double>105</double>
        <double>-15</double>
        <double>125</double>
        <double>120</double>
        <double>-25</double>
      </ArrayOfDouble>
      <ArrayOfDouble>
        <double>0</double>
        <double>-150</double>
        <double>-25</double>
        <double>-150</double>
        <double>-25</double>
        <double>-25</double>
        <double>-140</double>
        <double>0</double>
        <double>-150</double>
        <double>-25</double>
        <double>-15</double>
        <double>-145</double>
      </ArrayOfDouble>
      <ArrayOfDouble>
        <double>135</double>
        <double>-25</double>
        <double>100</double>
        <double>-25</double>
        <double>100</double>
        <double>105</double>
        <double>-20</double>
        <double>135</double>
        <double>-10</double>
        <double>100</double>
        <double>145</double>
        <double>-20</double>
      </ArrayOfDouble>
      <ArrayOfDouble>
        <double>145</double>
        <double>-25</double>
        <double>155</double>
        <double>-25</double>
        <double>100</double>
        <double>100</double>
        <double>-15</double>
        <double>105</double>
        <double>-10</double>
        <double>140</double>
        <double>100</double>
        <double>-15</double>
      </ArrayOfDouble>
      <ArrayOfDouble>
        <double>5</double>
        <double>-150</double>
        <double>-15</double>
        <double>-150</double>
        <double>-25</double>
        <double>-25</double>
        <double>-150</double>
        <double>-20</double>
        <double>-145</double>
        <double>-15</double>
        <double>-10</double>
        <double>-150</double>
      </ArrayOfDouble>
    </ArrayOfArrayOfDouble>
    <ArrayOfArrayOfDouble>
      <ArrayOfDouble>
        <double>595</double>
        <double>10</double>
        <double>220</double>
        <double>5</double>
        <double>275</double>
        <double>120</double>
        <double>5</double>
        <double>220</double>
        <double>50</double>
        <double>245</double>
        <double>280</double>
        <double>-15</double>
      </ArrayOfDouble>
      <ArrayOfDouble>
        <double>140</double>
        <double>0</double>
        <double>155</double>
        <double>-25</double>
        <double>135</double>
        <double>105</double>
        <double>-5</double>
        <double>120</double>
        <double>-5</double>
        <double>125</double>
        <double>155</double>
        <double>-15</double>
      </ArrayOfDouble>
      <ArrayOfDouble>
        <double>-15</double>
        <double>-150</double>
        <double>-25</double>
        <double>-135</double>
        <double>-25</double>
        <double>-25</double>
        <double>-150</double>
        <double>-25</double>
        <double>-150</double>
        <double>-25</double>
        <double>-20</double>
        <double>-150</double>
      </ArrayOfDouble>
      <ArrayOfDouble>
        <double>125</double>
        <double>-20</double>
        <double>105</double>
        <double>-25</double>
        <double>105</double>
        <double>105</double>
        <double>-25</double>
        <double>105</double>
        <double>-25</double>
        <double>105</double>
        <double>100</double>
        <double>-25</double>
      </ArrayOfDouble>
      <ArrayOfDouble>
        <double>-10</double>
        <double>-130</double>
        <double>-15</double>
        <double>-150</double>
        <double>-25</double>
        <double>-25</double>
        <double>-150</double>
        <double>-25</double>
        <double>-150</double>
        <double>-25</double>
        <double>-25</double>
        <double>-150</double>
      </ArrayOfDouble>
      <ArrayOfDouble>
        <double>140</double>
        <double>-25</double>
        <double>105</double>
        <double>0</double>
        <double>100</double>
        <double>100</double>
        <double>-25</double>
        <double>125</double>
        <double>-25</double>
        <double>100</double>
        <double>100</double>
        <double>-25</double>
      </ArrayOfDouble>
      <ArrayOfDouble>
        <double>100</double>
        <double>-25</double>
        <double>100</double>
        <double>-25</double>
        <double>100</double>
        <double>100</double>
        <double>-25</double>
        <double>100</double>
        <double>-25</double>
        <double>105</double>
        <double>100</double>
        <double>-25</double>
      </ArrayOfDouble>
      <ArrayOfDouble>
        <double>-20</double>
        <double>-150</double>
        <double>-25</double>
        <double>-150</double>
        <double>-15</double>
        <double>-25</double>
        <double>-150</double>
        <double>-25</double>
        <double>-135</double>
        <double>-20</double>
        <double>-25</double>
        <double>-150</double>
      </ArrayOfDouble>
      <ArrayOfDouble>
        <double>130</double>
        <double>-20</double>
        <double>100</double>
        <double>-25</double>
        <double>100</double>
        <double>100</double>
        <double>-25</double>
        <double>100</double>
        <double>-20</double>
        <double>105</double>
        <double>130</double>
        <double>-25</double>
      </ArrayOfDouble>
      <ArrayOfDouble>
        <double>0</double>
        <double>-150</double>
        <double>-25</double>
        <double>-150</double>
        <double>0</double>
        <double>-25</double>
        <double>-150</double>
        <double>-25</double>
        <double>-150</double>
        <double>-20</double>
        <double>-20</double>
        <double>-145</double>
      </ArrayOfDouble>
      <ArrayOfDouble>
        <double>125</double>
        <double>-25</double>
        <double>100</double>
        <double>-25</double>
        <double>105</double>
        <double>100</double>
        <double>-20</double>
        <double>110</double>
        <double>-20</double>
        <double>100</double>
        <double>130</double>
        <double>-25</double>
      </ArrayOfDouble>
      <ArrayOfDouble>
        <double>160</double>
        <double>-20</double>
        <double>110</double>
        <double>-25</double>
        <double>105</double>
        <double>100</double>
        <double>-25</double>
        <double>110</double>
        <double>-20</double>
        <double>110</double>
        <double>100</double>
        <double>-20</double>
      </ArrayOfDouble>
      <ArrayOfDouble>
        <double>-20</double>
        <double>-150</double>
        <double>-25</double>
        <double>-150</double>
        <double>-15</double>
        <double>-25</double>
        <double>-150</double>
        <double>-25</double>
        <double>-145</double>
        <double>-25</double>
        <double>-25</double>
        <double>-150</double>
      </ArrayOfDouble>
    </ArrayOfArrayOfDouble>
    <ArrayOfArrayOfDouble>
      <ArrayOfDouble>
        <double>1335</double>
        <double>-35</double>
        <double>380</double>
        <double>140</double>
        <double>215</double>
        <double>455</double>
        <double>-25</double>
        <double>420</double>
        <double>5</double>
        <double>505</double>
        <double>175</double>
        <double>0</double>
      </ArrayOfDouble>
      <ArrayOfDouble>
        <double>300</double>
        <double>-20</double>
        <double>170</double>
        <double>105</double>
        <double>25</double>
        <double>205</double>
        <double>-25</double>
        <double>185</double>
        <double>-15</double>
        <double>210</double>
        <double>125</double>
        <double>10</double>
      </ArrayOfDouble>
      <ArrayOfDouble>
        <double>-15</double>
        <double>-150</double>
        <double>-25</double>
        <double>-20</double>
        <double>-150</double>
        <double>-25</double>
        <double>-150</double>
        <double>-25</double>
        <double>-150</double>
        <double>-25</double>
        <double>-25</double>
        <double>-150</double>
      </ArrayOfDouble>
      <ArrayOfDouble>
        <double>195</double>
        <double>-25</double>
        <double>100</double>
        <double>115</double>
        <double>-20</double>
        <double>105</double>
        <double>-25</double>
        <double>105</double>
        <double>-25</double>
        <double>105</double>
        <double>100</double>
        <double>-25</double>
      </ArrayOfDouble>
      <ArrayOfDouble>
        <double>105</double>
        <double>-20</double>
        <double>105</double>
        <double>100</double>
        <double>-20</double>
        <double>100</double>
        <double>-25</double>
        <double>100</double>
        <double>-25</double>
        <double>100</double>
        <double>100</double>
        <double>-25</double>
      </ArrayOfDouble>
      <ArrayOfDouble>
        <double>50</double>
        <double>-150</double>
        <double>10</double>
        <double>-20</double>
        <double>-150</double>
        <double>15</double>
        <double>-145</double>
        <double>-15</double>
        <double>-150</double>
        <double>-15</double>
        <double>-25</double>
        <double>-150</double>
      </ArrayOfDouble>
      <ArrayOfDouble>
        <double>205</double>
        <double>-25</double>
        <double>120</double>
        <double>105</double>
        <double>50</double>
        <double>100</double>
        <double>-25</double>
        <double>120</double>
        <double>-25</double>
        <double>115</double>
        <double>100</double>
        <double>-25</double>
      </ArrayOfDouble>
      <ArrayOfDouble>
        <double>-25</double>
        <double>-150</double>
        <double>-25</double>
        <double>-25</double>
        <double>-145</double>
        <double>-20</double>
        <double>-150</double>
        <double>-20</double>
        <double>-150</double>
        <double>-25</double>
        <double>-25</double>
        <double>-150</double>
      </ArrayOfDouble>
      <ArrayOfDouble>
        <double>165</double>
        <double>-25</double>
        <double>100</double>
        <double>100</double>
        <double>15</double>
        <double>135</double>
        <double>-20</double>
        <double>100</double>
        <double>-15</double>
        <double>110</double>
        <double>100</double>
        <double>-25</double>
      </ArrayOfDouble>
      <ArrayOfDouble>
        <double>-15</double>
        <double>-150</double>
        <double>-25</double>
        <double>-25</double>
        <double>-150</double>
        <double>-25</double>
        <double>-150</double>
        <double>-20</double>
        <double>-150</double>
        <double>0</double>
        <double>-25</double>
        <double>-150</double>
      </ArrayOfDouble>
      <ArrayOfDouble>
        <double>215</double>
        <double>-25</double>
        <double>115</double>
        <double>100</double>
        <double>-15</double>
        <double>145</double>
        <double>-25</double>
        <double>140</double>
        <double>-15</double>
        <double>100</double>
        <double>115</double>
        <double>-20</double>
      </ArrayOfDouble>
      <ArrayOfDouble>
        <double>105</double>
        <double>-25</double>
        <double>105</double>
        <double>100</double>
        <double>-25</double>
        <double>105</double>
        <double>-25</double>
        <double>110</double>
        <double>-15</double>
        <double>130</double>
        <double>100</double>
        <double>-25</double>
      </ArrayOfDouble>
      <ArrayOfDouble>
        <double>-5</double>
        <double>-150</double>
        <double>-25</double>
        <double>-25</double>
        <double>-150</double>
        <double>-25</double>
        <double>-150</double>
        <double>-25</double>
        <double>-150</double>
        <double>-25</double>
        <double>-5</double>
        <double>-150</double>
      </ArrayOfDouble>
    </ArrayOfArrayOfDouble>
    <ArrayOfArrayOfDouble>
      <ArrayOfDouble>
        <double>1280</double>
        <double>-20</double>
        <double>335</double>
        <double>445</double>
        <double>5</double>
        <double>385</double>
        <double>-25</double>
        <double>450</double>
        <double>475</double>
        <double>-35</double>
        <double>310</double>
        <double>-35</double>
      </ArrayOfDouble>
      <ArrayOfDouble>
        <double>260</double>
        <double>-20</double>
        <double>190</double>
        <double>200</double>
        <double>-5</double>
        <double>185</double>
        <double>-15</double>
        <double>155</double>
        <double>270</double>
        <double>-15</double>
        <double>160</double>
        <double>-15</double>
      </ArrayOfDouble>
      <ArrayOfDouble>
        <double>-10</double>
        <double>-150</double>
        <double>-15</double>
        <double>-25</double>
        <double>-150</double>
        <double>-25</double>
        <double>-150</double>
        <double>-25</double>
        <double>-25</double>
        <double>-150</double>
        <double>-25</double>
        <double>-150</double>
      </ArrayOfDouble>
      <ArrayOfDouble>
        <double>155</double>
        <double>-5</double>
        <double>100</double>
        <double>165</double>
        <double>-25</double>
        <double>100</double>
        <double>-25</double>
        <double>100</double>
        <double>100</double>
        <double>-25</double>
        <double>100</double>
        <double>-25</double>
      </ArrayOfDouble>
      <ArrayOfDouble>
        <double>245</double>
        <double>-25</double>
        <double>125</double>
        <double>100</double>
        <double>-20</double>
        <double>125</double>
        <double>-25</double>
        <double>120</double>
        <double>100</double>
        <double>-25</double>
        <double>105</double>
        <double>-25</double>
      </ArrayOfDouble>
      <ArrayOfDouble>
        <double>-5</double>
        <double>-150</double>
        <double>-25</double>
        <double>-25</double>
        <double>-150</double>
        <double>-15</double>
        <double>-150</double>
        <double>-15</double>
        <double>-25</double>
        <double>-150</double>
        <double>-25</double>
        <double>-150</double>
      </ArrayOfDouble>
      <ArrayOfDouble>
        <double>175</double>
        <double>-25</double>
        <double>105</double>
        <double>115</double>
        <double>-20</double>
        <double>100</double>
        <double>-20</double>
        <double>150</double>
        <double>110</double>
        <double>-25</double>
        <double>100</double>
        <double>-25</double>
      </ArrayOfDouble>
      <ArrayOfDouble>
        <double>-25</double>
        <double>-150</double>
        <double>-25</double>
        <double>-25</double>
        <double>-150</double>
        <double>-20</double>
        <double>-150</double>
        <double>-15</double>
        <double>-20</double>
        <double>-150</double>
        <double>-25</double>
        <double>-150</double>
      </ArrayOfDouble>
      <ArrayOfDouble>
        <double>205</double>
        <double>-20</double>
        <double>100</double>
        <double>110</double>
        <double>-25</double>
        <double>155</double>
        <double>-25</double>
        <double>100</double>
        <double>150</double>
        <double>-25</double>
        <double>115</double>
        <double>-25</double>
      </ArrayOfDouble>
      <ArrayOfDouble>
        <double>205</double>
        <double>-25</double>
        <double>105</double>
        <double>105</double>
        <double>-15</double>
        <double>125</double>
        <double>-25</double>
        <double>170</double>
        <double>100</double>
        <double>-25</double>
        <double>120</double>
        <double>-25</double>
      </ArrayOfDouble>
      <ArrayOfDouble>
        <double>-20</double>
        <double>-150</double>
        <double>-25</double>
        <double>-25</double>
        <double>-150</double>
        <double>-25</double>
        <double>-150</double>
        <double>-25</double>
        <double>-20</double>
        <double>-150</double>
        <double>-25</double>
        <double>-150</double>
      </ArrayOfDouble>
      <ArrayOfDouble>
        <double>170</double>
        <double>-25</double>
        <double>100</double>
        <double>105</double>
        <double>-25</double>
        <double>100</double>
        <double>-20</double>
        <double>120</double>
        <double>120</double>
        <double>-20</double>
        <double>100</double>
        <double>-25</double>
      </ArrayOfDouble>
      <ArrayOfDouble>
        <double>-20</double>
        <double>-150</double>
        <double>-25</double>
        <double>-25</double>
        <double>-150</double>
        <double>-25</double>
        <double>-150</double>
        <double>-25</double>
        <double>-25</double>
        <double>-150</double>
        <double>-15</double>
        <double>-150</double>
      </ArrayOfDouble>
    </ArrayOfArrayOfDouble>
    <ArrayOfArrayOfDouble>
      <ArrayOfDouble>
        <double>660</double>
        <double>-40</double>
        <double>270</double>
        <double>-35</double>
        <double>215</double>
        <double>365</double>
        <double>-45</double>
        <double>200</double>
        <double>-30</double>
        <double>330</double>
        <double>-30</double>
        <double>150</double>
      </ArrayOfDouble>
      <ArrayOfDouble>
        <double>145</double>
        <double>-25</double>
        <double>125</double>
        <double>-15</double>
        <double>115</double>
        <double>160</double>
        <double>-20</double>
        <double>115</double>
        <double>-25</double>
        <double>205</double>
        <double>-15</double>
        <double>120</double>
      </ArrayOfDouble>
      <ArrayOfDouble>
        <double>-25</double>
        <double>-150</double>
        <double>-25</double>
        <double>-150</double>
        <double>-20</double>
        <double>-25</double>
        <double>-150</double>
        <double>-25</double>
        <double>-150</double>
        <double>-25</double>
        <double>-150</double>
        <double>-25</double>
      </ArrayOfDouble>
      <ArrayOfDouble>
        <double>155</double>
        <double>-25</double>
        <double>100</double>
        <double>-25</double>
        <double>110</double>
        <double>115</double>
        <double>-25</double>
        <double>100</double>
        <double>-25</double>
        <double>105</double>
        <double>-25</double>
        <double>100</double>
      </ArrayOfDouble>
      <ArrayOfDouble>
        <double>-25</double>
        <double>-150</double>
        <double>-25</double>
        <double>-150</double>
        <double>-25</double>
        <double>-25</double>
        <double>-150</double>
        <double>-25</double>
        <double>-150</double>
        <double>-25</double>
        <double>-150</double>
        <double>-25</double>
      </ArrayOfDouble>
      <ArrayOfDouble>
        <double>130</double>
        <double>-25</double>
        <double>105</double>
        <double>-25</double>
        <double>100</double>
        <double>125</double>
        <double>-25</double>
        <double>100</double>
        <double>-25</double>
        <double>100</double>
        <double>-25</double>
        <double>100</double>
      </ArrayOfDouble>
      <ArrayOfDouble>
        <double>155</double>
        <double>-25</double>
        <double>110</double>
        <double>-20</double>
        <double>125</double>
        <double>100</double>
        <double>-25</double>
        <double>100</double>
        <double>-25</double>
        <double>125</double>
        <double>-25</double>
        <double>105</double>
      </ArrayOfDouble>
      <ArrayOfDouble>
        <double>-25</double>
        <double>-150</double>
        <double>-25</double>
        <double>-150</double>
        <double>-25</double>
        <double>-20</double>
        <double>-150</double>
        <double>-25</double>
        <double>-150</double>
        <double>-25</double>
        <double>-150</double>
        <double>-25</double>
      </ArrayOfDouble>
      <ArrayOfDouble>
        <double>125</double>
        <double>-25</double>
        <double>100</double>
        <double>-25</double>
        <double>100</double>
        <double>110</double>
        <double>-25</double>
        <double>100</double>
        <double>-20</double>
        <double>100</double>
        <double>-25</double>
        <double>100</double>
      </ArrayOfDouble>
      <ArrayOfDouble>
        <double>-15</double>
        <double>-150</double>
        <double>-25</double>
        <double>-150</double>
        <double>-25</double>
        <double>-25</double>
        <double>-150</double>
        <double>-25</double>
        <double>-150</double>
        <double>-20</double>
        <double>-150</double>
        <double>-25</double>
      </ArrayOfDouble>
      <ArrayOfDouble>
        <double>170</double>
        <double>-20</double>
        <double>100</double>
        <double>-25</double>
        <double>100</double>
        <double>135</double>
        <double>-25</double>
        <double>105</double>
        <double>-25</double>
        <double>100</double>
        <double>-15</double>
        <double>100</double>
      </ArrayOfDouble>
      <ArrayOfDouble>
        <double>-25</double>
        <double>-150</double>
        <double>-25</double>
        <double>-150</double>
        <double>-25</double>
        <double>-25</double>
        <double>-150</double>
        <double>-25</double>
        <double>-150</double>
        <double>-25</double>
        <double>-150</double>
        <double>-20</double>
      </ArrayOfDouble>
      <ArrayOfDouble>
        <double>115</double>
        <double>-25</double>
        <double>105</double>
        <double>-25</double>
        <double>100</double>
        <double>100</double>
        <double>-25</double>
        <double>105</double>
        <double>-15</double>
        <double>100</double>
        <double>-25</double>
        <double>100</double>
      </ArrayOfDouble>
    </ArrayOfArrayOfDouble>
    <ArrayOfArrayOfDouble>
      <ArrayOfDouble>
        <double>100</double>
        <double>-50</double>
        <double>100</double>
        <double>-50</double>
        <double>100</double>
        <double>100</double>
        <double>-50</double>
        <double>100</double>
        <double>-50</double>
        <double>100</double>
        <double>-50</double>
        <double>100</double>
      </ArrayOfDouble>
      <ArrayOfDouble>
        <double>100</double>
        <double>-25</double>
        <double>100</double>
        <double>-25</double>
        <double>100</double>
        <double>100</double>
        <double>-25</double>
        <double>100</double>
        <double>-25</double>
        <double>100</double>
        <double>-25</double>
        <double>100</double>
      </ArrayOfDouble>
      <ArrayOfDouble>
        <double>-25</double>
        <double>-150</double>
        <double>-25</double>
        <double>-150</double>
        <double>-25</double>
        <double>-25</double>
        <double>-150</double>
        <double>-25</double>
        <double>-150</double>
        <double>-25</double>
        <double>-150</double>
        <double>-25</double>
      </ArrayOfDouble>
      <ArrayOfDouble>
        <double>100</double>
        <double>-25</double>
        <double>100</double>
        <double>-25</double>
        <double>100</double>
        <double>100</double>
        <double>-25</double>
        <double>100</double>
        <double>-25</double>
        <double>100</double>
        <double>-25</double>
        <double>100</double>
      </ArrayOfDouble>
      <ArrayOfDouble>
        <double>-25</double>
        <double>-150</double>
        <double>-25</double>
        <double>-150</double>
        <double>-25</double>
        <double>-25</double>
        <double>-150</double>
        <double>-25</double>
        <double>-150</double>
        <double>-25</double>
        <double>-150</double>
        <double>-25</double>
      </ArrayOfDouble>
      <ArrayOfDouble>
        <double>100</double>
        <double>-25</double>
        <double>100</double>
        <double>-25</double>
        <double>100</double>
        <double>100</double>
        <double>-25</double>
        <double>100</double>
        <double>-25</double>
        <double>100</double>
        <double>-25</double>
        <double>100</double>
      </ArrayOfDouble>
      <ArrayOfDouble>
        <double>100</double>
        <double>-25</double>
        <double>100</double>
        <double>-25</double>
        <double>100</double>
        <double>100</double>
        <double>-25</double>
        <double>100</double>
        <double>-25</double>
        <double>100</double>
        <double>-25</double>
        <double>100</double>
      </ArrayOfDouble>
      <ArrayOfDouble>
        <double>-25</double>
        <double>-150</double>
        <double>-25</double>
        <double>-150</double>
        <double>-25</double>
        <double>-25</double>
        <double>-150</double>
        <double>-25</double>
        <double>-150</double>
        <double>-25</double>
        <double>-150</double>
        <double>-25</double>
      </ArrayOfDouble>
      <ArrayOfDouble>
        <double>100</double>
        <double>-25</double>
        <double>100</double>
        <double>-25</double>
        <double>100</double>
        <double>100</double>
        <double>-25</double>
        <double>100</double>
        <double>-25</double>
        <double>100</double>
        <double>-25</double>
        <double>100</double>
      </ArrayOfDouble>
      <ArrayOfDouble>
        <double>-25</double>
        <double>-150</double>
        <double>-25</double>
        <double>-150</double>
        <double>-25</double>
        <double>-25</double>
        <double>-150</double>
        <double>-25</double>
        <double>-150</double>
        <double>-25</double>
        <double>-150</double>
        <double>-25</double>
      </ArrayOfDouble>
      <ArrayOfDouble>
        <double>100</double>
        <double>-25</double>
        <double>100</double>
        <double>-25</double>
        <double>100</double>
        <double>100</double>
        <double>-25</double>
        <double>100</double>
        <double>-25</double>
        <double>100</double>
        <double>-25</double>
        <double>100</double>
      </ArrayOfDouble>
      <ArrayOfDouble>
        <double>-25</double>
        <double>-150</double>
        <double>-25</double>
        <double>-150</double>
        <double>-25</double>
        <double>-25</double>
        <double>-150</double>
        <double>-25</double>
        <double>-150</double>
        <double>-25</double>
        <double>-150</double>
        <double>-25</double>
      </ArrayOfDouble>
      <ArrayOfDouble>
        <double>100</double>
        <double>-25</double>
        <double>100</double>
        <double>-25</double>
        <double>100</double>
        <double>100</double>
        <double>-25</double>
        <double>100</double>
        <double>-25</double>
        <double>100</double>
        <double>-25</double>
        <double>100</double>
      </ArrayOfDouble>
    </ArrayOfArrayOfDouble>
  </Chordtable>
  <SequenceTable>
    <betweenHighAndLowDevided>
      <double>0.064417177914110432</double>
      <double>0.018404907975460124</double>
      <double>0.064417177914110432</double>
      <double>0.294478527607362</double>
      <double>0.15644171779141106</double>
      <double>0.55521472392638038</double>
      <double>0.32515337423312884</double>
      <double>0.83128834355828218</double>
      <double>0.50920245398773</double>
      <double>0.66257668711656437</double>
      <double>1</double>
      <double>0.35582822085889571</double>
      <double>0.93865030674846628</double>
      <double>0.15644171779141106</double>
      <double>0.20245398773006135</double>
      <double>0.0950920245398773</double>
      <double>0.12576687116564417</double>
      <double>0.0030674846625766872</double>
      <double>0.018404907975460124</double>
      <double>0.064417177914110432</double>
    </betweenHighAndLowDevided>
    <betweenHighAndLow>
      <int>21</int>
      <int>6</int>
      <int>21</int>
      <int>96</int>
      <int>51</int>
      <int>181</int>
      <int>106</int>
      <int>271</int>
      <int>166</int>
      <int>216</int>
      <int>326</int>
      <int>116</int>
      <int>306</int>
      <int>51</int>
      <int>66</int>
      <int>31</int>
      <int>41</int>
      <int>1</int>
      <int>6</int>
      <int>21</int>
    </betweenHighAndLow>
    <theNumberOfChangeDevided>
      <double>0.394856278366112</double>
      <double>1</double>
      <double>0.98487140695915276</double>
      <double>0.55370650529500753</double>
      <double>0.15279878971255673</double>
      <double>0.062027231467473527</double>
      <double>0.0090771558245083209</double>
      <double>0.0015128593040847202</double>
      <double>0.0015128593040847202</double>
      <double>0.0015128593040847202</double>
      <double>0.0015128593040847202</double>
    </theNumberOfChangeDevided>
    <theNumberOfChange>
      <int>261</int>
      <int>661</int>
      <int>651</int>
      <int>366</int>
      <int>101</int>
      <int>41</int>
      <int>6</int>
      <int>1</int>
      <int>1</int>
      <int>1</int>
      <int>1</int>
    </theNumberOfChange>
    <theNumberOfNotesDevided>
      <double>0.0015723270440251573</double>
      <double>0.025157232704402517</double>
      <double>0.0015723270440251573</double>
      <double>0.056603773584905662</double>
      <double>0.23742138364779875</double>
      <double>0.27672955974842767</double>
      <double>0.40251572327044027</double>
      <double>1</double>
      <double>0.32389937106918237</double>
      <double>0.31603773584905659</double>
      <double>0.15880503144654087</double>
      <double>0.4889937106918239</double>
    </theNumberOfNotesDevided>
    <theNumberOfNotes>
      <int>1</int>
      <int>16</int>
      <int>1</int>
      <int>36</int>
      <int>151</int>
      <int>176</int>
      <int>256</int>
      <int>636</int>
      <int>206</int>
      <int>201</int>
      <int>101</int>
      <int>311</int>
    </theNumberOfNotes>
    <betweenNotesPitchDevided>
      <double>0.083222811671087527</double>
      <double>0.94529177718832891</double>
      <double>1</double>
      <double>0.8624005305039788</double>
      <double>0.4479442970822281</double>
      <double>0.25232095490716178</double>
      <double>0.025198938992042442</double>
      <double>0.07161803713527852</double>
      <double>0.036803713527851459</double>
      <double>0.028514588859416445</double>
      <double>0.025198938992042442</double>
      <double>0.0069628647214854114</double>
      <double>0.018567639257294429</double>
      <double>0.15782493368700265</double>
    </betweenNotesPitchDevided>
    <betweenNotesPitch>
      <int>251</int>
      <int>2851</int>
      <int>3016</int>
      <int>2601</int>
      <int>1351</int>
      <int>761</int>
      <int>76</int>
      <int>216</int>
      <int>111</int>
      <int>86</int>
      <int>76</int>
      <int>21</int>
      <int>56</int>
      <int>476</int>
    </betweenNotesPitch>
    <theNumberOfNoteLengthDevided>
      <double>1</double>
      <double>0.4438938442902764</double>
      <double>0.025988327276731636</double>
      <double>0.016077524501706859</double>
      <double>0.0050655214183459975</double>
      <double>0.001211320339169695</double>
      <double>0.00011012003083360864</double>
      <double>0.00011012003083360864</double>
      <double>0.00011012003083360864</double>
      <double>0.00011012003083360864</double>
      <double>0.00011012003083360864</double>
      <double>0.00011012003083360864</double>
    </theNumberOfNoteLengthDevided>
    <theNumberOfNoteLength>
      <int>9081</int>
      <int>4031</int>
      <int>236</int>
      <int>146</int>
      <int>46</int>
      <int>11</int>
      <int>1</int>
      <int>1</int>
      <int>1</int>
      <int>1</int>
      <int>1</int>
      <int>1</int>
    </theNumberOfNoteLength>
    <patternsDevided>
      <double>0.00065963060686015829</double>
      <double>0.00065963060686015829</double>
      <double>0.00065963060686015829</double>
      <double>0.010554089709762533</double>
      <double>0.00065963060686015829</double>
      <double>0.02704485488126649</double>
      <double>0.00065963060686015829</double>
      <double>0.00395778364116095</double>
      <double>0.0072559366754617414</double>
      <double>0.017150395778364115</double>
      <double>0.00065963060686015829</double>
      <double>0.00065963060686015829</double>
      <double>0.00065963060686015829</double>
      <double>0.013852242744063324</double>
      <double>0.00065963060686015829</double>
      <double>0.00395778364116095</double>
      <double>0.00065963060686015829</double>
      <double>0.010554089709762533</double>
      <double>0.00065963060686015829</double>
      <double>0.00065963060686015829</double>
      <double>0.00065963060686015829</double>
      <double>0.00065963060686015829</double>
      <double>0.00065963060686015829</double>
      <double>0.00065963060686015829</double>
      <double>0.00065963060686015829</double>
      <double>0.00065963060686015829</double>
      <double>0.00065963060686015829</double>
      <double>0.010554089709762533</double>
      <double>0.00065963060686015829</double>
      <double>0.0072559366754617414</double>
      <double>0.00065963060686015829</double>
      <double>0.00395778364116095</double>
      <double>0.040237467018469655</double>
      <double>0.040237467018469655</double>
      <double>0.010554089709762533</double>
      <double>0.030343007915567283</double>
      <double>0.023746701846965697</double>
      <double>0.12928759894459102</double>
      <double>0.010554089709762533</double>
      <double>0.046833773087071241</double>
      <double>0.050131926121372031</double>
      <double>0.046833773087071241</double>
      <double>0.030343007915567283</double>
      <double>0.056728232189973617</double>
      <double>0.060026385224274406</double>
      <double>1</double>
      <double>0.020448548812664908</double>
      <double>0.19854881266490765</double>
      <double>0.010554089709762533</double>
      <double>0.0072559366754617414</double>
      <double>0.00065963060686015829</double>
      <double>0.00065963060686015829</double>
      <double>0.00065963060686015829</double>
      <double>0.010554089709762533</double>
      <double>0.013852242744063324</double>
      <double>0.02704485488126649</double>
      <double>0.00065963060686015829</double>
      <double>0.00065963060686015829</double>
      <double>0.00065963060686015829</double>
      <double>0.00395778364116095</double>
      <double>0.023746701846965697</double>
      <double>0.13258575197889183</double>
      <double>0.00065963060686015829</double>
      <double>0.59762532981530347</double>
    </patternsDevided>
    <patterns>
      <int>1</int>
      <int>1</int>
      <int>1</int>
      <int>16</int>
      <int>1</int>
      <int>41</int>
      <int>1</int>
      <int>6</int>
      <int>11</int>
      <int>26</int>
      <int>1</int>
      <int>1</int>
      <int>1</int>
      <int>21</int>
      <int>1</int>
      <int>6</int>
      <int>1</int>
      <int>16</int>
      <int>1</int>
      <int>1</int>
      <int>1</int>
      <int>1</int>
      <int>1</int>
      <int>1</int>
      <int>1</int>
      <int>1</int>
      <int>1</int>
      <int>16</int>
      <int>1</int>
      <int>11</int>
      <int>1</int>
      <int>6</int>
      <int>61</int>
      <int>61</int>
      <int>16</int>
      <int>46</int>
      <int>36</int>
      <int>196</int>
      <int>16</int>
      <int>71</int>
      <int>76</int>
      <int>71</int>
      <int>46</int>
      <int>86</int>
      <int>91</int>
      <int>1516</int>
      <int>31</int>
      <int>301</int>
      <int>16</int>
      <int>11</int>
      <int>1</int>
      <int>1</int>
      <int>1</int>
      <int>16</int>
      <int>21</int>
      <int>41</int>
      <int>1</int>
      <int>1</int>
      <int>1</int>
      <int>6</int>
      <int>36</int>
      <int>201</int>
      <int>1</int>
      <int>906</int>
    </patterns>
  </SequenceTable>
</SavedTable>